"","in_pwy","impact","DWM.avg","RYGB.avg","RYGBvsDWM.t","RYGBvsDWM.p","RYGBvsDWM.FDR","CHEBI"
"CHEBI:422",TRUE,2.41,-0.0947,-0.486,-2.27,0.0294,0.345,"lactate"
"GPI",TRUE,2.39,0.0675,-0.361,-2.22,0.033,0.363,NA
"CHEBI:17050",TRUE,1.94,0.751,-0.384,-1.48,0.148,0.543,"3-phosphoglycerate"
"GAPDH",TRUE,1.75,0.177,-0.237,-1.68,0.103,0.508,NA
"TPI1",TRUE,1.63,0.32,-0.19,-1.52,0.136,0.543,NA
"CHEBI:32816",TRUE,1.36,-0.262,-0.46,-1.22,0.231,0.543,"pyruvate"
"PGAM1",TRUE,1.13,-1.35,-0.54,1.02,0.315,0.571,NA
"CHEBI:17720",TRUE,0.962,1.45,0.322,-0.855,0.398,0.63,"2,3-diphosphoglycerate"
"CHEBI:18367",TRUE,0.941,0.0564,0.00988,-0.862,0.394,0.629,"phosphate"
"CHEBI:30915",TRUE,0.394,-0.173,-0.213,-0.383,0.704,0.836,"alpha-ketoglutarate"
"CHEBI:30797",FALSE,0.34,0.208,0.00463,-1.91,0.0646,0.45,"malate"
"CHEBI:32398",FALSE,0.164,0.203,-0.0357,-1.74,0.0899,0.487,"glycerate"
"CHEBI:47937",FALSE,0.136,0.0501,-0.882,-2.24,0.0315,0.356,"maltose"
"CHEBI:16530",FALSE,0.132,-0.0591,-0.488,-4.47,7.49e-05,0.00687,"3-methyl-2-oxobutyrate"
"CHEBI:1372",FALSE,0.117,-0.111,-0.468,-2.2,0.0347,0.372,"S-1-pyrroline-5-carboxylate"
"CHEBI:30769",FALSE,0.112,0.0845,0.227,2,0.0531,0.429,"citrate"
"MDH1",FALSE,0.105,0.381,-0.162,-1.57,0.125,0.536,NA
"TKT",FALSE,0.0896,0.297,-0.2,-1.8,0.0796,0.477,NA
"PGK1",FALSE,0.0882,0.188,-0.219,-1.85,0.0723,0.466,NA
"CHEBI:28645",FALSE,0.0774,-0.254,-0.453,-1.03,0.307,0.57,"fructose"
"CHEBI:16414",FALSE,0.0751,-0.103,-0.397,-3.55,0.00111,0.0476,"valine"
"CHEBI:32796",FALSE,0.0735,0.15,-0.213,-2.99,0.00504,0.154,"2-hydroxyglutarate"
"CHEBI:30851",FALSE,0.0717,-0.213,-0.832,-2,0.0535,0.429,"phenylpyruvate"
"GOT1",FALSE,0.0692,-0.212,-0.0173,2.27,0.0291,0.345,NA
"CA6",FALSE,0.0688,0.0478,-0.442,-2.84,0.00735,0.194,NA
"CHEBI:15971",FALSE,0.0687,-0.00316,-0.218,-4.69,3.83e-05,0.00377,"histidine"
"CHEBI:35932",FALSE,0.0642,-0.0331,-0.324,-2.61,0.0131,0.259,"3-methyl-2-oxovalerate"
"CHEBI:17865",FALSE,0.0637,-0.0429,-0.606,-4.9,2.07e-05,0.00256,"4-methyl-2-oxopentanoate"
"CHEBI:16977",FALSE,0.0636,-0.108,-0.354,-2.28,0.0286,0.345,"alanine"
"CHEBI:18019",FALSE,0.0614,-0.0641,-0.137,-1.13,0.268,0.558,"lysine"
"CHEBI:17295",FALSE,0.0609,-0.0303,-0.282,-3.56,0.00107,0.0476,"phenylalanine"
"CHEBI:61988",FALSE,0.0603,0.841,-0.872,-1.92,0.0626,0.45,"maltotetraose"
"CHEBI:18050",FALSE,0.0589,0.0994,0.011,-1.16,0.253,0.554,"glutamine"
"CHEBI:15676",FALSE,0.0562,0.0659,-0.0925,-1.47,0.15,0.543,"allantoin"
"CHEBI:16919",FALSE,0.0543,0.0132,-0.623,-4.34,0.000109,0.00941,"creatine"
"NME1",FALSE,0.0542,0.395,-0.09,-1.92,0.0635,0.45,NA
"CHEBI:17561",FALSE,0.0534,-0.16,0.0238,2.04,0.0482,0.402,"cysteine"
"CHEBI:18132",FALSE,0.0524,0.0493,-0.514,-2.66,0.0117,0.244,"choline phosphate"
"CHEBI:16704",FALSE,0.0508,0.0164,-0.438,-4.86,2.29e-05,0.00256,"uridine"
"CHEBI:17895",FALSE,0.0489,-0.0214,-0.313,-2.74,0.00949,0.214,"tyrosine"
"CHEBI:17053",FALSE,0.0484,0.00747,-0.278,-1.3,0.2,0.543,"aspartate"
"CHEBI:30860",FALSE,0.0478,-0.042,-0.387,-2.11,0.0415,0.388,"methylmalonate (MMA)"
"NME2",FALSE,0.046,0.137,-0.269,-1.59,0.12,0.53,NA
"CHEBI:15741",FALSE,0.0452,0.105,-0.0698,-1.78,0.0837,0.478,"succinate"
"SHBG",FALSE,0.0436,0.332,0.94,3.38,0.00176,0.0663,NA
"CHEBI:16027",FALSE,0.0422,0.401,-0.245,-1.21,0.233,0.543,"adenosine 5'-monophosphate (AMP)"
"CHEBI:18012",FALSE,0.0422,0.316,0.0921,-0.766,0.449,0.657,"fumarate"
"CHEBI:37024",FALSE,0.0406,-0.403,-1.09,-2.07,0.0459,0.4,"2-aminoadipate"
"AKR1A1",FALSE,0.0394,0.25,-0.193,-1.52,0.137,0.543,NA
"CA4",FALSE,0.0393,-0.136,0.0907,2.33,0.0255,0.336,NA
"CHEBI:41721",FALSE,0.0381,0.298,-0.368,-1.85,0.0722,0.466,"cysteine sulfinic acid"
"CHEBI:17752",FALSE,0.0378,0.165,0.00929,-1.3,0.203,0.543,"N6-acetyllysine"
"GCKR",FALSE,0.037,-0.0632,-0.139,-1,0.323,0.576,NA
"LDHB",FALSE,0.0359,0.319,-0.062,-1.29,0.207,0.543,NA
"CHEBI:45744",FALSE,0.0351,0.141,0.0201,-0.62,0.539,0.722,"N-acetylneuraminate"
"CHEBI:15978",FALSE,0.0345,-0.0694,-0.251,-0.847,0.402,0.632,"glycerol 3-phosphate"
"CHEBI:17553",FALSE,0.0344,0.216,-0.272,-1.68,0.102,0.505,"phosphoethanolamine"
"ATP5B",FALSE,0.0338,0.124,-0.242,-2.03,0.0497,0.412,NA
"SOD1",FALSE,0.0337,0.406,-0.0295,-1.19,0.241,0.546,NA
"CHEBI:7916",FALSE,0.0335,0.318,0.889,2.59,0.0139,0.259,"pantothenate"
"CA9",FALSE,0.0331,-0.188,0.179,2.37,0.0233,0.334,NA
"CXCL11",FALSE,0.0328,0.412,-0.0163,-1.95,0.0586,0.446,NA
"ENTPD3",FALSE,0.0325,0.168,0.00581,-1.2,0.237,0.545,NA
"SIGLEC1",FALSE,0.0312,0.0538,-0.0125,-1.04,0.303,0.569,NA
"BSG",FALSE,0.0307,0.0212,-0.163,-1.1,0.277,0.562,NA
"CHEBI:15444",FALSE,0.0306,-0.26,-0.211,0.429,0.67,0.808,"glucose"
"CHEBI:15603",FALSE,0.0305,-0.0791,-0.34,-4.03,0.000275,0.0194,"leucine"
"CHEBI:15428",FALSE,0.0305,0.196,0.329,1.45,0.155,0.543,"glycine"
"CA1",FALSE,0.0304,0.524,-0.0952,-1.22,0.232,0.543,NA
"CHEBI:17568",FALSE,0.0298,-0.0138,-0.561,-2.19,0.0353,0.372,"uracil"
"CHEBI:17712",FALSE,0.0292,-0.0866,-0.32,-1.96,0.0581,0.446,"xanthine"
"SFTPD",FALSE,0.0289,0.171,-0.329,-1.24,0.222,0.543,NA
"CHEBI:18095",FALSE,0.0286,-0.245,-0.0505,0.948,0.35,0.593,"trans-4-hydroxyproline"
"LGALS2",FALSE,0.0281,-0.038,0.102,1.5,0.143,0.543,NA
"VCAM1",FALSE,0.0277,-0.0542,0.171,2.73,0.00981,0.218,NA
"CHEBI:16643",FALSE,0.0276,0.0103,-0.0869,-1.11,0.274,0.561,"methionine"
"CHEBI:1941",FALSE,0.0272,0.0384,-0.138,-1.62,0.115,0.53,"deoxycarnitine"
"CKM",FALSE,0.027,0.21,-0.255,-2.79,0.00831,0.206,NA
"FGG",FALSE,0.0268,0.0585,0.223,1.84,0.0746,0.471,NA
"CA10",FALSE,0.0268,-0.0368,0.0422,1.12,0.268,0.558,NA
"ARG1",FALSE,0.0266,-0.127,0.0481,2.15,0.0387,0.386,NA
"HSP90AA1",FALSE,0.0266,0.101,-0.336,-1.94,0.06,0.45,NA
"CA3",FALSE,0.0256,0.7,-0.0236,-1.52,0.136,0.543,NA
"CHEBI:16015",FALSE,0.0249,-0.225,-0.319,-0.411,0.683,0.818,"glutamate"
"HSD17B10",FALSE,0.0236,0.277,-0.157,-1.31,0.199,0.543,NA
"CHEBI:15354",FALSE,0.0236,-0.105,-0.736,-6.13,4.68e-07,0.000251,"choline"
"CA13",FALSE,0.0235,0.0557,-0.404,-1.3,0.2,0.543,NA
"NAMPT",FALSE,0.0229,0.00523,-0.198,-1.77,0.0848,0.478,NA
"CHEBI:17115",FALSE,0.0219,0.111,0.252,1.79,0.0815,0.477,"serine"
"CHEBI:17992",FALSE,0.0216,-0.162,-0.858,-0.784,0.438,0.654,"sucrose"
"CHEBI:17196",FALSE,0.0216,0.0664,-0.187,-3.58,0.000998,0.0474,"asparagine"
"GPT",FALSE,0.0209,0.133,0.0524,-0.637,0.528,0.715,NA
"PGD",FALSE,0.0207,0.306,-0.196,-1.33,0.193,0.543,NA
"DDX19B",FALSE,0.0206,-0.0138,0.0705,0.97,0.338,0.587,NA
"PTPN2",FALSE,0.0205,-0.054,0.0948,1.95,0.0593,0.448,NA
"CHEBI:30887",FALSE,0.0205,0.415,0.123,-0.541,0.592,0.761,"isocitrate"
"CX3CL1",FALSE,0.0195,-0.0594,0.14,1.99,0.0539,0.429,NA
"HBA1",FALSE,0.0194,1.78,0.103,-1.26,0.216,0.543,NA
"TNFRSF1B",FALSE,0.019,-0.118,0.233,2.79,0.00829,0.206,NA
"KRAS",FALSE,0.0186,-0.221,0.0202,1.59,0.121,0.53,NA
